task_file,zadanie,oczekiwana_odpowiedz,pelny_przebieg_rozumowania,decyzja_sedziego,wynik_ewaluacji,czas_wykonania,tokeny_wejsciowe,tokeny_wyjsciowe,tokeny_suma,uzycie_narzedzi,uzycie_python,uzycie_wolfram,uzycie_brave,uzycie_rag
raport_zadanie_966f7101,Compute the range of the function $f(x) = \sqrt{x^2}$.,"We can see that $f(x) = \sqrt{x^2} = |x|$. (Note that $f(x) \not = x$ since $x$ can be negative.) Because $|x|$ takes on all non-negative values, the range is $\boxed{[0,\infty)}$.","[""[SYSTEM]:\nYou are a math problem solver. You solve complex math problems. \n    Your task is to solve a math problem step by step. Explain your reasoning clearly before the final conclusion.\n    Return the final answer in enclosed in a LaTeX box: \\boxed{answer}\n\n\n    CONTEXT INSTRUCTIONS:\n    Below you will find a [HELPFUL CONTEXT FROM RAG] block. It contains a solved mathematical problems that shares similar logic of the solution to your current problem.\n    - Analize given examples and use their context to understand the required methodology, the solution concept, theorems, or algebraic tricks BEFORE proceeding with your solving process.\n\n    [HELPFUL CONTEXT FROM RAG]\n    \n    --- USEFUL EXAMPLE ---\nProblem: What is the range of the function $f(x) = \\frac{1}{x^2}$?\nSolution: Note that $f(x) = \\frac{1}{x^2} >0$ for all nonzero $x$. That is, the range of $f$ must only include positive numbers. Conversely, if $a$ is a positive number, then \\[f\\left(\\frac{1}{\\sqrt{a}}\\right)=\\frac{1}{(1/\\sqrt{a})^2} = a,\\]so $a$ is indeed in the range of $f$. Thus, the range of $f$ is the set of all positive real numbers; in interval notation, that's $\\boxed{(0,\\infty)}$.\n\n\n    \n    [/HELPFUL CONTEXT FROM RAG]\n"", '[HUMAN]:\nCompute the range of the function $f(x) = \\sqrt{x^2}$.\n', '[AI]:\nTo find the range of the function \\( f(x) = \\sqrt{x^2} \\), we first need to simplify the expression. The square root of \\( x^2 \\) can be expressed as:\n\n\\[\nf(x) = |x|\n\\]\n\nThis is because the square root function returns the non-negative value of \\( x^2 \\). \n\nNext, we analyze the behavior of \\( f(x) = |x| \\):\n\n1. **Understanding the absolute value function**: The absolute value function \\( |x| \\) outputs the distance of \\( x \\) from zero on the number line, which is always non-negative. Therefore, for any real number \\( x \\), \\( |x| \\geq 0 \\).\n\n2. **Finding the minimum value**: The minimum value of \\( |x| \\) occurs when \\( x = 0 \\), giving \\( |0| = 0 \\).\n\n3. **Finding the maximum value**: As \\( x \\) moves away from zero in either the positive or negative direction, \\( |x| \\) increases without bound. Thus, there is no upper limit to the values that \\( |x| \\) can take.\n\nFrom this analysis, we conclude that the function \\( f(x) = |x| \\) can take any non-negative value. Therefore, the range of \\( f(x) \\) is all non-negative real numbers.\n\nIn interval notation, the range of the function is:\n\n\\[\n\\boxed{[0, \\infty)}\n\\]\n']",BŁĄD SĘDZIEGO: 'tuple' object has no attribute 'ainvoke',ERROR,2.49,350,316,666,0,0,0,0,1
raport_zadanie_d4e914d3,"When rolling a certain unfair six-sided die with faces numbered 1, 2, 3, 4, 5, and 6, the probability of obtaining face $F$ is greater than $1/6$, the probability of obtaining the face opposite face $F$ is less than $1/6$, the probability of obtaining each of the other faces is $1/6$, and the sum of the numbers on each pair of opposite faces is 7. When two such dice are rolled, the probability of obtaining a sum of 7 is $ \frac{47}{288} $. Given that the probability of obtaining face $F$ is $m/n$, where $m$ and $n$ are relatively prime positive integers, find $m+n$.","Let $p(a,b)$ denote the probability of obtaining  $a$ on the first die and $b$ on the second.  Then the probability of obtaining a sum of 7 is $$p(1,6)+p(2,5)+p(3,4)+p(4,3)+p(5,2)+p(6,1).$$Let the probability of obtaining face $F$ be $(1/6)+x$.  Then the probability of obtaining the face opposite face $F$ is $(1/6)-x$. Therefore $$\begin{aligned}{{47}\over{288}}&=
4\left({1\over6}\right)^2+2\left({1\over6}+x\right)
\left({1\over6}-x\right)\cr&=
{4\over36}+2\left({1\over36}-x^2\right)\cr&=
{1\over6}-2x^2.\end{aligned}$$Then $2x^2=1/288$, and so $x=1/24$. The probability of obtaining face $F$ is therefore $(1/6)+(1/24)=5/24$, and $m+n=\boxed{29}$.","['[SYSTEM]:\nYou are a math problem solver. You solve complex math problems. \n    Your task is to solve a math problem step by step. Explain your reasoning clearly before the final conclusion.\n    Return the final answer in enclosed in a LaTeX box: \\boxed{answer}\n\n', '[HUMAN]:\nWhen rolling a certain unfair six-sided die with faces numbered 1, 2, 3, 4, 5, and 6, the probability of obtaining face $F$ is greater than $1/6$, the probability of obtaining the face opposite face $F$ is less than $1/6$, the probability of obtaining each of the other faces is $1/6$, and the sum of the numbers on each pair of opposite faces is 7. When two such dice are rolled, the probability of obtaining a sum of 7 is $ \\frac{47}{288} $. Given that the probability of obtaining face $F$ is $m/n$, where $m$ and $n$ are relatively prime positive integers, find $m+n$.\n', '[AI]:\nLet the faces of the die be numbered as follows:\n\n- Face 1 is opposite Face 6\n- Face 2 is opposite Face 5\n- Face 3 is opposite Face 4\n\nLet \\( p \\) be the probability of rolling face \\( F \\), which is greater than \\( \\frac{1}{6} \\). Let \\( q \\) be the probability of rolling the face opposite to \\( F \\), which is less than \\( \\frac{1}{6} \\). The probabilities of the other four faces are each \\( \\frac{1}{6} \\).\n\nSince the total probability must equal 1, we can express this as:\n\n\\[\np + q + \\frac{1}{6} + \\frac{1}{6} + \\frac{1}{6} + \\frac{1}{6} = 1\n\\]\n\nThis simplifies to:\n\n\\[\np + q + \\frac{2}{3} = 1\n\\]\n\nFrom this, we can derive:\n\n\\[\np + q = \\frac{1}{3}\n\\]\n\nNow, since \\( p > \\frac{1}{6} \\) and \\( q < \\frac{1}{6} \\), we can express \\( q \\) in terms of \\( p \\):\n\n\\[\nq = \\frac{1}{3} - p\n\\]\n\nSubstituting this into the inequality for \\( q \\):\n\n\\[\n\\frac{1}{3} - p < \\frac{1}{6}\n\\]\n\nThis leads to:\n\n\\[\n\\frac{1}{3} - \\frac{1}{6} < p\n\\]\n\nCalculating the left side:\n\n\\[\n\\frac{1}{3} - \\frac{1}{6} = \\frac{2}{6} - \\frac{1}{6} = \\frac{1}{6}\n\\]\n\nThus, we have:\n\n\\[\np > \\frac{1}{6}\n\\]\n\nNow, we also know that:\n\n\\[\np + q = \\frac{1}{3}\n\\]\n\nSubstituting \\( q \\):\n\n\\[\np + \\left( \\frac{1}{3} - p \\right) = \\frac{1}{3}\n\\]\n\nThis is consistent. Now, we need to find the probability of obtaining a sum of 7 when rolling two such dice. The pairs that yield a sum of 7 are:\n\n- (1, 6)\n- (2, 5)\n- (3, 4)\n- (4, 3)\n- (5, 2)\n- (6, 1)\n\nThe probabilities for these pairs are:\n\n- For (1, 6): \\( p \\cdot q \\)\n- For (2, 5): \\( \\frac{1}{6} \\cdot \\frac{1}{6} \\)\n- For (3, 4): \\( \\frac{1}{6} \\cdot \\frac{1}{6} \\)\n- For (4, 3): \\( \\frac{1}{6} \\cdot \\frac{1}{6} \\)\n- For (5, 2): \\( \\frac{1}{6} \\cdot \\frac{1}{6} \\)\n- For (6, 1): \\( q \\cdot p \\)\n\nThus, the total probability of obtaining a sum of 7 is:\n\n\\[\np \\cdot q + q \\cdot p + \\frac{1}{6} \\cdot \\frac{1}{6} + \\frac{1}{6} \\cdot \\frac{1}{6} + \\frac{1}{6} \\cdot \\frac{1}{6} + \\frac{1}{6} \\cdot \\frac{1}{6}\n\\]\n\nThis simplifies to:\n\n\\[\n2pq + 4 \\cdot \\frac{1}{36} = 2pq + \\frac{4}{36} = 2pq + \\frac{1}{9}\n\\]\n\nWe know this equals \\( \\frac{47}{288} \\):\n\n\\[\n2pq + \\frac{1}{9} = \\frac{47}{288}\n\\]\n\nTo solve for \\( 2pq \\), we first convert \\( \\frac{1}{9} \\) to a fraction with a denominator of 288:\n\n\\[\n\\frac{1}{9} = \\frac{32}{288}\n\\]\n\nThus, we have:\n\n\\[\n2pq + \\frac{32}{288} = \\frac{47}{288}\n\\]\n\nSubtracting \\( \\frac{32}{288} \\) from both sides gives:\n\n\\[\n2pq = \\frac{47}{288} - \\frac{32}{288} = \\frac{15}{288}\n\\]\n\nThis simplifies to:\n\n\\[\npq = \\frac{15}{576}\n\\]\n\nNow substituting \\( q = \\frac{1}{3} - p \\):\n\n\\[\np \\left( \\frac{1}{3} - p \\right) = \\frac{15}{576}\n\\]\n\nMultiplying through by 576 to eliminate the fraction:\n\n\\[\n576p \\left( \\frac{1}{3} - p \\right) = 15\n\\]\n\nThis simplifies to:\n\n\\[\n192p - 576p^2 = 15\n\\]\n\nRearranging gives us a quadratic equation:\n\n\\[\n576p^2 - 192p + 15 = 0\n\\]\n\nUsing the quadratic formula \\( p = \\frac{-b \\pm \\sqrt{b^2 - 4ac}}{2a} \\):\n\n\\[\np = \\frac{192 \\pm \\sqrt{(-192)^2 - 4 \\cdot 576 \\cdot 15}}{2 \\cdot 576}\n\\]\n\nCalculating the discriminant:\n\n\\[\n192^2 = 36864\n\\]\n\\[\n4 \\cdot 576 \\cdot 15 = 34560\n\\]\n\\[\n36864 - 34560 = 2304\n\\]\n\nTaking the square root:\n\n\\[\n\\sqrt{2304} = 48\n\\]\n\nThus, we have:\n\n\\[\np = \\frac{192 \\pm 48}{1152}\n\\]\n\nCalculating the two possible values for \\( p \\):\n\n1. \\( p = \\frac{240}{1152} = \\frac{5}{24} \\)\n2. \\( p = \\frac{144}{1152} = \\frac{1}{8} \\)\n\nSince \\( p > \\frac{1}{6} \\), we take \\( p = \\frac{5}{24} \\).\n\nNow, we need to express \\( p \\) in the form \\( \\frac{m}{n} \\) where \\( m \\) and \\( n \\) are relatively prime. Here, \\( m = 5 \\) and \\( n = 24 \\).\n\nFinally, we find \\( m+n \\):\n\n\\[\nm+n = 5 + 24 = 29\n\\]\n\nThus, the final answer is:\n\n\\[\n\\boxed{29}\n\\]\n']",BŁĄD SĘDZIEGO: 'tuple' object has no attribute 'ainvoke',ERROR,10.33,222,1495,1717,0,0,0,0,0
raport_zadanie_1aec52b8,"Suppose that $x,$ $y,$ and $z$ are complex numbers such that \[\begin{aligned} xy &= -80 - 320i, \\ yz &=60, \\ zx &= -96 + 24i, \end{aligned}\]where $i^2 = -1.$ Compute $|x+y+z|.$","Multiplying the given equations together, we have \[\begin{aligned} (xyz)^2& = (-80-320i) \cdot 60 \cdot (-96+24i) \\ &= -80(1+4i) \cdot 60 \cdot -24(4-i) \\ &= (80 \cdot 60 \cdot 24) (8 + 15i). \end{aligned}\]To solve for $xyz,$ we find a complex number $a+bi$ whose square is $8+15i$ (where $a$ and $b$ are real); that is, we want \[(a+bi)^2 = (a^2-b^2) + 2abi = 8 + 15i.\]Equating the real and imaginary parts, we get the equations $a^2-b^2=8$ and $2ab=15.$ Then $b = \frac{15}{2a};$ substituting into the other equation gives $a^2 - \frac{225}{4a^2} = 8,$ or $4a^4 - 32a^2 - 225 = 0.$ This factors as \[(2a^2-25)(2a^2+9) = 0\]so $2a^2-25=0$ (since $a$ is real), and $a = \pm \frac{5}{\sqrt2}.$ Then $b = \frac{15}{2a} = \pm \frac{3}{\sqrt2}.$ Therefore, (arbitrarily) choosing both $a$ and $b$ positive, we have \[(xyz)^2 = (80 \cdot 60 \cdot 24) \left(\frac{5}{\sqrt2} + \frac{3}{\sqrt2}i \right)^2,\]and so \[\begin{aligned} xyz& = \pm \sqrt{80 \cdot 60 \cdot 24}\left(\frac{5}{\sqrt2}+ \frac{3}{\sqrt2}i \right) \\&= \pm240\sqrt{2} \left(\frac{5}{\sqrt2} + \frac{3}{\sqrt2}i \right) \\ &= \pm240(5+3i). \end{aligned}\]Then \[\begin{aligned} x &= \frac{xyz}{yz} =\pm \frac{ 240(5+3i)}{60} = \pm (20 + 12i), \\ z &= \frac{xyz}{xy} =\pm \frac{ 240(5+3i)}{-80(1+4i)} = {\pm} \frac{-3 (5+3i)(1-4i)}{17} =\pm \frac{ -3(17-17i)}{17} = \pm( -3+3i), \\ y &= \frac{xyz}{xz} = {\pm}\frac{ 240(5+3i)}{-24(4-i)} = \pm \frac{- 10 (5+3i)(4+i)}{17} = \pm \frac{ -10(17+17i)}{17} = \pm(-10-10i). \end{aligned}\]Therefore, $x+y+z = \pm(7 +5i),$ so $|x+y+z| = \sqrt{7^2+5^2} = \boxed{\sqrt{74}}.$","['[SYSTEM]:\nYou are a math problem solver. You solve complex math problems. \n    Your task is to solve a math problem step by step. Explain your reasoning clearly before the final conclusion.\n    Return the final answer in enclosed in a LaTeX box: \\boxed{answer}\n\n\n    CONTEXT INSTRUCTIONS:\n    Below you will find a [HELPFUL CONTEXT FROM RAG] block. It contains a solved mathematical problems that shares similar logic of the solution to your current problem.\n    - Analize given examples and use their context to understand the required methodology, the solution concept, theorems, or algebraic tricks BEFORE proceeding with your solving process.\n\n    [HELPFUL CONTEXT FROM RAG]\n    \n    --- USEFUL EXAMPLE ---\nProblem: Let $z$ and $w$ be complex numbers such that $|z| = 1$ and $|w| = 3$. If $|z+w| = 2$, what is $ \\left | \\frac{1}{z} + \\frac{1}{w} \\right|$?\nSolution: We simplify the desired expression \\[\n\\left | \\frac{1}{z} + \\frac{1}{w} \\right| = \\left | \\frac{w+z}{wz} \\right|.\n\\]Now, using the fact that $|ab| = |a|\\cdot |b|$ and $|a/b| = |a|/|b|$, we substitute in the values for the magnitudes given in the problem: \\[\n\\left | \\frac{w+z}{wz} \\right| = \\frac{|w+z|}{|w|\\cdot|z|} = \\frac{2}{(1)(3)} = \\boxed{\\frac{2}{3}}.\n\\]\n\n--- USEFUL EXAMPLE ---\nProblem: Let $a,$ $b,$ and $c$ be complex numbers such that $|a| = |b| = |c| = 1$ and\n\\[\\frac{a^2}{bc} + \\frac{b^2}{ac} + \\frac{c^2}{ab} = -1.\\]Find all possible values of $|a + b + c|.$\n\nEnter all the possible values, separated by commas.\nSolution: Since $|a| = 1,$ $a \\overline{a} = |a|^2,$ so $\\overline{a} = \\frac{1}{a}.$  Similarly, $\\overline{b} = \\frac{1}{b}$ and $\\overline{c} = \\frac{1}{c}.$\n\nAlso, let $z = a + b + c.$  Then\n\\begin{align*}\n|z|^2 &= |a + b + c|^2 \\\\\n&= (a + b + c)(\\overline{a + b + c}) \\\\\n&= (a + b + c)(\\overline{a} + \\overline{b} + \\overline{c}) \\\\\n&= (a + b + c) \\left( \\frac{1}{a} + \\frac{1}{b} + \\frac{1}{c} \\right) \\\\\n&= (a + b + c) \\cdot \\frac{ab + ac + bc}{abc} \\\\\n&= \\frac{a^2 b + ab^2 + a^2 c + ac^2 + b^2 c + bc^2 + 3abc}{abc}.\n\\end{align*}We have that\n\\[z^3 = (a + b + c)^3 = (a^3 + b^3 + c^3) + 3(a^2 b + ab^2 + a^2 c + ac^2 + b^2 c + bc^2) + 6abc,\\]so\n\\begin{align*}\n3|z|^2 &= \\frac{3(a^2 b + ab^2 + a^2 c + ac^2 + b^2 c + bc^2) + 3abc}{abc} \\\\\n&= \\frac{z^3 - (a^3 + b^3 + c^3) + 3abc}{abc}.\n\\end{align*}From the equation $\\frac{a^2}{bc} + \\frac{b^2}{ac} + \\frac{c^2}{ab} = -1,$ $a^3 + b^3 + c^3 = -abc,$ so\n\\[3|z|^2 = \\frac{z^3 + 4abc}{abc} = \\frac{z^3}{abc} + 4.\\]Then\n\\[3|z|^2 - 4 = \\frac{z^3}{abc},\\]so\n\\[\\left| 3|z|^2 - 4 \\right| = \\left| \\frac{z^3}{abc} \\right| = |z|^3.\\]Let $r = |z|,$ so $|3r^2 - 4| = r^3.$  If $3r^2 - 4 < 0,$ then\n\\[4 - 3r^2 = r^3.\\]This becomes $r^3 + 3r^2 - 4 = 0,$ which factors as $(r - 1)(r + 2)^2 = 0.$  Since $r$ must be nonnegative, $r = 1.$\n\nIf $3r^2 - 4 \\ge 0,$ then\n\\[3r^2 - 4 = r^3.\\]This becomes $r^3 - 3r^2 + 4 = 0,$ which factors as $(r + 1)(r - 2)^2 = 0.$  Since $r$ must be nonnegtaive, $r = 2.$\n\nFinally, we must show that for each of these potential values of $r,$ there exist corresponding complex numbers $a,$ $b,$ and $c.$\n\nIf $a = b = 1$ and $c = -1,$ then $\\frac{a^2}{bc} + \\frac{b^2}{ac} + \\frac{c^2}{ab} = -1,$ and\n\\[|a + b + c| = |1| = 1.\\]If $a = 1,$ $b = \\frac{1 + i \\sqrt{3}}{2},$ and $c = \\frac{1 - i \\sqrt{3}}{2},$ then $\\frac{a^2}{bc} + \\frac{b^2}{ac} + \\frac{c^2}{ab} = -1,$ and\n\\[|a + b + c| = |2| = 2.\\]Therefore, the possible values of $|a + b + c|$ are $\\boxed{1,2}.$\n\n\n    \n    [/HELPFUL CONTEXT FROM RAG]\n', '[HUMAN]:\nSuppose that $x,$ $y,$ and $z$ are complex numbers such that \\[\\begin{aligned} xy &= -80 - 320i, \\\\ yz &=60, \\\\ zx &= -96 + 24i, \\end{aligned}\\]where $i^2 = -1.$ Compute $|x+y+z|.$\n', '[AI]:\nTo solve for \\( |x+y+z| \\), we start with the given equations involving the products of the complex numbers \\( x, y, z \\):\n\n\\[\nxy = -80 - 320i,\n\\]\n\\[\nyz = 60,\n\\]\n\\[\nzx = -96 + 24i.\n\\]\n\nWe can express \\( x, y, z \\) in terms of their products. First, we can multiply all three equations together:\n\n\\[\n(xy)(yz)(zx) = (-80 - 320i)(60)(-96 + 24i).\n\\]\n\nThis simplifies to:\n\n\\[\nx^2y^2z^2 = (xyz)^2.\n\\]\n\nNow, we can find \\( xyz \\) by calculating the right-hand side. We first compute \\( (-80 - 320i)(-96 + 24i) \\):\n\n\\[\n(-80)(-96) + (-80)(24i) + (-320i)(-96) + (-320i)(24i).\n\\]\n\nCalculating each term:\n\n1. \\( (-80)(-96) = 7680 \\),\n2. \\( (-80)(24i) = -1920i \\),\n3. \\( (-320i)(-96) = 30720i \\),\n4. \\( (-320i)(24i) = -7680 \\).\n\nNow, combining these results:\n\n\\[\n7680 - 7680 + (-1920i + 30720i) = 0 + 28800i.\n\\]\n\nThus, we have:\n\n\\[\n(-80 - 320i)(-96 + 24i) = 28800i.\n\\]\n\nNow substituting back into our equation for \\( (xyz)^2 \\):\n\n\\[\n(xyz)^2 = 28800i \\cdot 60 = 1728000i.\n\\]\n\nNext, we need to find \\( xyz \\):\n\n\\[\nxyz = \\sqrt{1728000i}.\n\\]\n\nTo compute this, we express \\( 1728000 \\) in polar form. The modulus is:\n\n\\[\n|1728000| = 1728000,\n\\]\n\nand the argument of \\( i \\) is \\( \\frac{\\pi}{2} \\). Therefore, we can write:\n\n\\[\n1728000i = 1728000 \\text{cis} \\left( \\frac{\\pi}{2} \\right).\n\\]\n\nTaking the square root gives:\n\n\\[\n\\sqrt{1728000} \\text{cis} \\left( \\frac{\\pi}{4} \\right).\n\\]\n\nCalculating \\( \\sqrt{1728000} \\):\n\n\\[\n1728000 = 1728 \\times 1000 = 1728 \\times 10^3 = (12^3) \\times (10^3) = 120 \\times 12 = 1200.\n\\]\n\nThus,\n\n\\[\n\\sqrt{1728000} = 1200.\n\\]\n\nSo,\n\n\\[\nxyz = 1200 \\text{cis} \\left( \\frac{\\pi}{4} \\right) = 1200 \\left( \\cos \\frac{\\pi}{4} + i \\sin \\frac{\\pi}{4} \\right) = 1200 \\left( \\frac{\\sqrt{2}}{2} + i \\frac{\\sqrt{2}}{2} \\right) = 600\\sqrt{2} + 600\\sqrt{2}i.\n\\]\n\nNow we can express \\( x, y, z \\) in terms of \\( xyz \\):\n\n1. From \\( yz = 60 \\), we have \\( z = \\frac{60}{y} \\).\n2. From \\( zx = -96 + 24i \\), we have \\( x = \\frac{-96 + 24i}{z} = \\frac{-96 + 24i}{\\frac{60}{y}} = \\frac{y(-96 + 24i)}{60} \\).\n3. From \\( xy = -80 - 320i \\), we have \\( y = \\frac{-80 - 320i}{x} \\).\n\nNow we can find \\( x+y+z \\):\n\nUsing the relationships, we can express \\( x+y+z \\) in terms of \\( y \\):\n\n\\[\nx + y + z = x + y + \\frac{60}{y}.\n\\]\n\nTo find \\( |x+y+z| \\), we can substitute \\( y \\) with a suitable value. We can use the fact that \\( |xyz| = 1200 \\) and the magnitudes of the products to find \\( |x|, |y|, |z| \\).\n\nUsing the equations:\n\n1. \\( |xy| = |x||y| = |80 + 320i| = \\sqrt{80^2 + 320^2} = \\sqrt{6400 + 102400} = \\sqrt{108800} = 320\\sqrt{10} \\).\n2. \\( |yz| = |y||z| = 60 \\).\n3. \\( |zx| = |z||x| = |96 - 24i| = \\sqrt{96^2 + 24^2} = \\sqrt{9216 + 576} = \\sqrt{9792} = 96\\sqrt{10} \\).\n\nNow we can find \\( |x+y+z| \\):\n\nUsing the triangle inequality, we can estimate \\( |x+y+z| \\):\n\n\\[\n|x+y+z| \\leq |x| + |y| + |z|.\n\\]\n\nHowever, we can also use the fact that \\( |xyz| = |x||y||z| \\) and the relationships between the products to find the exact value.\n\nAfter calculating, we find:\n\n\\[\n|x+y+z| = |xyz|^{1/3} = 1200^{1/3} = 10\\sqrt[3]{12}.\n\\]\n\nThus, the final answer is:\n\n\\[\n\\boxed{60}.\n\\]\n']",BŁĄD SĘDZIEGO: 'tuple' object has no attribute 'ainvoke',ERROR,8.5,1579,1275,2854,0,0,0,0,1
raport_zadanie_2f442d66,"Compute $17^{-1}\pmod{83}$. Express your answer as a residue from $0$ to $82$, inclusive.

(You may find it helpful to consider the fact that $17\cdot 5=85$.)","We may begin by noting that $17\cdot 5=85\equiv 2\pmod{83}$. However, we are looking for $n$ such that $17\cdot n\equiv 1\pmod{83}$.

Note that $2\cdot 42=84\equiv 1\pmod{83}$. Therefore, \begin{align*}
17\cdot 5\cdot 42 &\equiv 2\cdot 42 \\
&\equiv 1\pmod{83},
\end{align*}which tells us that $17$ and $5\cdot 42$ are each other's inverses modulo $83$. We can evaluate $5\cdot 42=210$, but this is not in the range $0$ to $82$, so we take its residue $\pmod{83}$, which is $44$.

Therefore, $17^{-1}\equiv \boxed{44}\pmod{83}$.

We may check our answer: $17\cdot 44 = 748 = 9\cdot 83+1 \equiv 1\pmod{83}$, so our answer is correct.","['[SYSTEM]:\nYou are a math problem solver. You solve complex math problems. \n    Your task is to solve a math problem step by step. Explain your reasoning clearly before the final conclusion.\n    Return the final answer in enclosed in a LaTeX box: \\boxed{answer}\n\n\n    CONTEXT INSTRUCTIONS:\n    Below you will find a [HELPFUL CONTEXT FROM RAG] block. It contains a solved mathematical problems that shares similar logic of the solution to your current problem.\n    - Analize given examples and use their context to understand the required methodology, the solution concept, theorems, or algebraic tricks BEFORE proceeding with your solving process.\n\n    [HELPFUL CONTEXT FROM RAG]\n    \n    --- USEFUL EXAMPLE ---\nProblem: Find $4^{-1} \\pmod{35}$, as a residue modulo 35.  (Give an answer between 0 and 34, inclusive.)\nSolution: Since $4 \\cdot 9 = 36 \\equiv 1 \\pmod{35}$, $4^{-1} \\equiv \\boxed{9} \\pmod{35}$.\n\n\n    \n    [/HELPFUL CONTEXT FROM RAG]\n', '[HUMAN]:\nCompute $17^{-1}\\pmod{83}$. Express your answer as a residue from $0$ to $82$, inclusive.\n\n(You may find it helpful to consider the fact that $17\\cdot 5=85$.)\n', '[AI]:\nTo find \\( 17^{-1} \\pmod{83} \\), we need to find an integer \\( x \\) such that:\n\n\\[\n17x \\equiv 1 \\pmod{83}\n\\]\n\nThis means we are looking for \\( x \\) such that when \\( 17x \\) is divided by \\( 83 \\), the remainder is \\( 1 \\).\n\nWe can use the Extended Euclidean Algorithm to find \\( x \\). First, we need to apply the Euclidean algorithm to find the greatest common divisor (gcd) of \\( 17 \\) and \\( 83 \\):\n\n1. Divide \\( 83 \\) by \\( 17 \\):\n   \\[\n   83 = 17 \\cdot 4 + 15\n   \\]\n   (Here, \\( 4 \\) is the quotient and \\( 15 \\) is the remainder.)\n\n2. Next, divide \\( 17 \\) by \\( 15 \\):\n   \\[\n   17 = 15 \\cdot 1 + 2\n   \\]\n\n3. Now, divide \\( 15 \\) by \\( 2 \\):\n   \\[\n   15 = 2 \\cdot 7 + 1\n   \\]\n\n4. Finally, divide \\( 2 \\) by \\( 1 \\):\n   \\[\n   2 = 1 \\cdot 2 + 0\n   \\]\n\nSince the last non-zero remainder is \\( 1 \\), we confirm that \\( \\gcd(17, 83) = 1 \\), which means \\( 17 \\) has an inverse modulo \\( 83 \\).\n\nNext, we will backtrack using the Extended Euclidean Algorithm to express \\( 1 \\) as a linear combination of \\( 17 \\) and \\( 83 \\):\n\nFrom the equation \\( 15 = 17 - 1 \\cdot 15 \\), we can express \\( 1 \\):\n\\[\n1 = 15 - 2 \\cdot 7\n\\]\n\nSubstituting \\( 2 \\) from the previous step:\n\\[\n2 = 17 - 15 \\cdot 1 \\implies 1 = 15 - 7(17 - 15) = 15 \\cdot 8 - 7 \\cdot 17\n\\]\n\nNow substituting \\( 15 \\) from the first step:\n\\[\n15 = 83 - 4 \\cdot 17 \\implies 1 = (83 - 4 \\cdot 17) \\cdot 8 - 7 \\cdot 17\n\\]\n\\[\n1 = 8 \\cdot 83 - 32 \\cdot 17 - 7 \\cdot 17 = 8 \\cdot 83 - 39 \\cdot 17\n\\]\n\nThus, we have:\n\\[\n1 \\equiv -39 \\cdot 17 \\pmod{83}\n\\]\n\nTo find the positive residue, we can compute \\( -39 \\mod 83 \\):\n\\[\n-39 + 83 = 44\n\\]\n\nThus, \\( 17^{-1} \\equiv 44 \\pmod{83} \\).\n\nFinally, we conclude that the modular inverse of \\( 17 \\) modulo \\( 83 \\) is:\n\n\\[\n\\boxed{44}\n\\]\n']",BŁĄD SĘDZIEGO: 'tuple' object has no attribute 'ainvoke',ERROR,4.88,302,698,1000,0,0,0,0,1
raport_zadanie_1e90c9b5,"John and Gary are playing a game. John spins a spinner numbered with integers from 1 to 20. Gary then writes a list of all of the positive factors of the number spun except for the number itself. Gary then creates a new spinner with all of the numbers on his list. John then spins this spinner, and the process continues. The game is over when the spinner has no numbers on it. If John spins a 20 on his first spin, what is the maximum number of total spins (including the one he already made) that John can make before the game is over?","If John spins a 20, then Gary's list contains the numbers 1, 2, 4, 5, 10. Thus, these are the numbers on the second spinner.

If John spins a 1, then Gary's list will be empty because there are no positive factors of 1 besides itself. Thus, the game will be over. This yields a maximum of 1 additional spin.

If John spins a 2, then Gary's list will only contain the number 1. Then on John's next spin, we will have the same scenario as above. This yields a maximum of 2 additional spins.

If John spins a 4, then Gary's list will contain the numbers 1 and 2. As we have already found above, spinning a 2 yields more additional spins than a 1, so the maximum additional spins in this case is 3 spins.

If John spins a 5, then Gary's list will only contain the number 1. As above, this will yield a maximum of 2 additional spins.

Finally, if John spins a 10, then Gary's list will contain the numbers 1, 2, and 5. Of these numbers, 2 and 5 have the highest maximum number of additional spins, so this case has a maximum of 3 additional spins.

Thus, of all of the possibilities, spinning a 4 or 10 next could result in 3 additional spins, so the maximum total number of spins is $\boxed{4}$. These would be achieved by spinning 20, 10, 2, 1 or 20, 10, 5, 1 or 20, 4, 2, 1.","['[SYSTEM]:\nYou are a math problem solver. You solve complex math problems. \n    Your task is to solve a math problem step by step. Explain your reasoning clearly before the final conclusion.\n    Return the final answer in enclosed in a LaTeX box: \\boxed{answer}\n\n', '[HUMAN]:\nJohn and Gary are playing a game. John spins a spinner numbered with integers from 1 to 20. Gary then writes a list of all of the positive factors of the number spun except for the number itself. Gary then creates a new spinner with all of the numbers on his list. John then spins this spinner, and the process continues. The game is over when the spinner has no numbers on it. If John spins a 20 on his first spin, what is the maximum number of total spins (including the one he already made) that John can make before the game is over?\n', '[AI]:\nTo solve the problem, we need to analyze the factors of the number spun and how they lead to subsequent spins. \n\n1. **Identify the factors of 20**: The positive factors of 20 are:\n   \\[\n   1, 2, 4, 5, 10, 20\n   \\]\n   Excluding the number itself (20), the factors that Gary will write down are:\n   \\[\n   1, 2, 4, 5, 10\n   \\]\n\n2. **Create the new spinner**: The new spinner will have the numbers:\n   \\[\n   1, 2, 4, 5, 10\n   \\]\n\n3. **Analyze each number on the new spinner**:\n   - **If John spins 1**: The only factor of 1 is itself, so the game ends.\n   - **If John spins 2**: The factors of 2 are:\n     \\[\n     1, 2\n     \\]\n     Excluding 2, the new spinner will have:\n     \\[\n     1\n     \\]\n     The next spin will end the game.\n   - **If John spins 4**: The factors of 4 are:\n     \\[\n     1, 2, 4\n     \\]\n     Excluding 4, the new spinner will have:\n     \\[\n     1, 2\n     \\]\n     If he spins 1, the game ends. If he spins 2, the next spinner will have 1, and the game ends.\n   - **If John spins 5**: The factors of 5 are:\n     \\[\n     1, 5\n     \\]\n     Excluding 5, the new spinner will have:\n     \\[\n     1\n     \\]\n     The next spin will end the game.\n   - **If John spins 10**: The factors of 10 are:\n     \\[\n     1, 2, 5, 10\n     \\]\n     Excluding 10, the new spinner will have:\n     \\[\n     1, 2, 5\n     \\]\n     If he spins 1, the game ends. If he spins 2, the next spinner will have 1, and the game ends. If he spins 5, the next spinner will have 1, and the game ends.\n\n4. **Determine the maximum number of spins**:\n   - Starting with the first spin (20), we have:\n     - If he spins 10, he can then spin either 1, 2, or 5. \n     - The longest sequence occurs when he spins 10, then 2 (which gives him 1), leading to a total of 3 spins:\n       - Spin 1: 20\n       - Spin 2: 10\n       - Spin 3: 2 (ends the game)\n   - If he spins 4, he can spin 2 (which gives him 1), leading to a total of 3 spins:\n       - Spin 1: 20\n       - Spin 2: 4\n       - Spin 3: 2 (ends the game)\n   - If he spins 2 or 5, he will only have 2 spins total.\n\nThus, the maximum number of spins John can make before the game is over is 3.\n\nThe final answer is:\n\\[\n\\boxed{3}\n\\]\n']",BŁĄD SĘDZIEGO: 'tuple' object has no attribute 'ainvoke',ERROR,4.94,185,729,914,0,0,0,0,0
raport_zadanie_22cc4293,"Let $\mathbf{u}$ and $\mathbf{v}$ be vectors such that $\|\mathbf{u}\| = \|\mathbf{v}\| = 2$ and $\mathbf{u} \cdot \mathbf{v} = -1.$  If $\theta$ is the angle between the vectors $\mathbf{u} + \mathbf{v}$ and $2 \mathbf{u} - \mathbf{v},$ then find $\cos \theta.$","Note that
\begin{align*}
(\mathbf{u} + \mathbf{v}) \cdot (2 \mathbf{u} - \mathbf{v}) &= 2 \mathbf{u} \cdot \mathbf{u} + \mathbf{u} \cdot \mathbf{v} - \mathbf{v} \cdot \mathbf{v} \\
&= 2 \cdot 2^2 + (-1) - 2^2 \\
&= 3.
\end{align*}Also,
\begin{align*}
\|\mathbf{u} + \mathbf{v}\| &= \sqrt{(\mathbf{u} + \mathbf{v}) \cdot (\mathbf{u} + \mathbf{v})} \\
&= \sqrt{\mathbf{u} \cdot \mathbf{u} + 2 \mathbf{u} \cdot \mathbf{v} + \mathbf{v} \cdot \mathbf{v}} \\
&= \sqrt{2^2 + 2(-1) + 2^2} \\
&= \sqrt{6},
\end{align*}and
\begin{align*}
\|2 \mathbf{u} - \mathbf{v}\| &= \sqrt{(2 \mathbf{u} - \mathbf{v}) \cdot (2 \mathbf{u} - \mathbf{v})} \\
&= \sqrt{4 \mathbf{u} \cdot \mathbf{u} - 4 \mathbf{u} \cdot \mathbf{v} + \mathbf{v} \cdot \mathbf{v}} \\
&= \sqrt{4 \cdot 2^2 - 4(-1) + 2^2} \\
&= \sqrt{24} = 2 \sqrt{6}.
\end{align*}Hence,
\[\cos \theta = \frac{(\mathbf{u} + \mathbf{v}) \cdot (2 \mathbf{u} - \mathbf{v})}{\|\mathbf{u} + \mathbf{v}\| \|2 \mathbf{u} - \mathbf{v}\|} = \frac{3}{\sqrt{6} \cdot 2 \sqrt{6}} = \boxed{\frac{1}{4}}.\]","['[SYSTEM]:\nYou are a math problem solver. You solve complex math problems. \n    Your task is to solve a math problem step by step. Explain your reasoning clearly before the final conclusion.\n    Return the final answer in enclosed in a LaTeX box: \\boxed{answer}\n\n\n    CONTEXT INSTRUCTIONS:\n    Below you will find a [HELPFUL CONTEXT FROM RAG] block. It contains a solved mathematical problems that shares similar logic of the solution to your current problem.\n    - Analize given examples and use their context to understand the required methodology, the solution concept, theorems, or algebraic tricks BEFORE proceeding with your solving process.\n\n    [HELPFUL CONTEXT FROM RAG]\n    \n    --- USEFUL EXAMPLE ---\nProblem: Given vectors $\\mathbf{a}$ and $\\mathbf{b}$ such that $\\|\\mathbf{a}\\| = 6,$ $\\|\\mathbf{b}\\| = 8,$ and $\\|\\mathbf{a} + \\mathbf{b}\\| = 11.$  Find $\\cos \\theta,$ where $\\theta$ is the angle between $\\mathbf{a}$ and $\\mathbf{b}.$\nSolution: We have that\n\\begin{align*}\n\\|\\mathbf{a} + \\mathbf{b}\\|^2 &= (\\mathbf{a} + \\mathbf{b}) \\cdot (\\mathbf{a} + \\mathbf{b}) \\\\\n&= \\mathbf{a} \\cdot \\mathbf{a} + 2 \\mathbf{a} \\cdot \\mathbf{b} + \\mathbf{b} \\cdot \\mathbf{b} \\\\\n&= \\|\\mathbf{a}\\|^2 + 2 \\mathbf{a} \\cdot \\mathbf{b} + \\|\\mathbf{b}\\|^2.\n\\end{align*}Hence, $11^2 = 6^2 + 2 \\mathbf{a} \\cdot \\mathbf{b} + 8^2,$ so\n\\[\\mathbf{a} \\cdot \\mathbf{b} = \\frac{21}{2}.\\]Then\n\\[\\cos \\theta = \\frac{\\mathbf{a} \\cdot \\mathbf{b}}{\\|\\mathbf{a}\\| \\|\\mathbf{b}\\|} = \\frac{21/2}{6 \\cdot 8} = \\boxed{\\frac{7}{32}}.\\]\n\n\n    \n    [/HELPFUL CONTEXT FROM RAG]\n', '[HUMAN]:\nLet $\\mathbf{u}$ and $\\mathbf{v}$ be vectors such that $\\|\\mathbf{u}\\| = \\|\\mathbf{v}\\| = 2$ and $\\mathbf{u} \\cdot \\mathbf{v} = -1.$  If $\\theta$ is the angle between the vectors $\\mathbf{u} + \\mathbf{v}$ and $2 \\mathbf{u} - \\mathbf{v},$ then find $\\cos \\theta.$\n', '[AI]:\nTo find \\(\\cos \\theta\\) where \\(\\theta\\) is the angle between the vectors \\(\\mathbf{u} + \\mathbf{v}\\) and \\(2 \\mathbf{u} - \\mathbf{v}\\), we will use the formula for the cosine of the angle between two vectors:\n\n\\[\n\\cos \\theta = \\frac{(\\mathbf{u} + \\mathbf{v}) \\cdot (2 \\mathbf{u} - \\mathbf{v})}{\\|\\mathbf{u} + \\mathbf{v}\\| \\|2 \\mathbf{u} - \\mathbf{v}\\|}.\n\\]\n\n### Step 1: Calculate the dot product \\((\\mathbf{u} + \\mathbf{v}) \\cdot (2 \\mathbf{u} - \\mathbf{v})\\)\n\nUsing the distributive property of the dot product, we have:\n\n\\[\n(\\mathbf{u} + \\mathbf{v}) \\cdot (2 \\mathbf{u} - \\mathbf{v}) = \\mathbf{u} \\cdot (2 \\mathbf{u}) + \\mathbf{u} \\cdot (-\\mathbf{v}) + \\mathbf{v} \\cdot (2 \\mathbf{u}) + \\mathbf{v} \\cdot (-\\mathbf{v}).\n\\]\n\nCalculating each term:\n\n1. \\(\\mathbf{u} \\cdot (2 \\mathbf{u}) = 2 \\|\\mathbf{u}\\|^2 = 2 \\cdot 2^2 = 8\\),\n2. \\(\\mathbf{u} \\cdot (-\\mathbf{v}) = -\\mathbf{u} \\cdot \\mathbf{v} = -(-1) = 1\\),\n3. \\(\\mathbf{v} \\cdot (2 \\mathbf{u}) = 2 \\mathbf{v} \\cdot \\mathbf{u} = 2(-1) = -2\\),\n4. \\(\\mathbf{v} \\cdot (-\\mathbf{v}) = -\\|\\mathbf{v}\\|^2 = -2^2 = -4\\).\n\nNow, summing these results:\n\n\\[\n(\\mathbf{u} + \\mathbf{v}) \\cdot (2 \\mathbf{u} - \\mathbf{v}) = 8 + 1 - 2 - 4 = 3.\n\\]\n\n### Step 2: Calculate the magnitudes \\(\\|\\mathbf{u} + \\mathbf{v}\\|\\) and \\(\\|2 \\mathbf{u} - \\mathbf{v}\\|\\)\n\n#### Magnitude of \\(\\mathbf{u} + \\mathbf{v}\\):\n\n\\[\n\\|\\mathbf{u} + \\mathbf{v}\\|^2 = (\\mathbf{u} + \\mathbf{v}) \\cdot (\\mathbf{u} + \\mathbf{v}) = \\|\\mathbf{u}\\|^2 + 2 \\mathbf{u} \\cdot \\mathbf{v} + \\|\\mathbf{v}\\|^2.\n\\]\n\nSubstituting the known values:\n\n\\[\n\\|\\mathbf{u} + \\mathbf{v}\\|^2 = 2^2 + 2(-1) + 2^2 = 4 - 2 + 4 = 6.\n\\]\n\nThus,\n\n\\[\n\\|\\mathbf{u} + \\mathbf{v}\\| = \\sqrt{6}.\n\\]\n\n#### Magnitude of \\(2 \\mathbf{u} - \\mathbf{v}\\):\n\n\\[\n\\|2 \\mathbf{u} - \\mathbf{v}\\|^2 = (2 \\mathbf{u} - \\mathbf{v}) \\cdot (2 \\mathbf{u} - \\mathbf{v}) = 4 \\|\\mathbf{u}\\|^2 - 4 \\mathbf{u} \\cdot \\mathbf{v} + \\|\\mathbf{v}\\|^2.\n\\]\n\nSubstituting the known values:\n\n\\[\n\\|2 \\mathbf{u} - \\mathbf{v}\\|^2 = 4(2^2) - 4(-1) + 2^2 = 16 + 4 + 4 = 24.\n\\]\n\nThus,\n\n\\[\n\\|2 \\mathbf{u} - \\mathbf{v}\\| = \\sqrt{24} = 2\\sqrt{6}.\n\\]\n\n### Step 3: Calculate \\(\\cos \\theta\\)\n\nNow substituting back into the cosine formula:\n\n\\[\n\\cos \\theta = \\frac{3}{\\sqrt{6} \\cdot 2\\sqrt{6}} = \\frac{3}{2 \\cdot 6} = \\frac{3}{12} = \\frac{1}{4}.\n\\]\n\nFinally, the answer is:\n\n\\[\n\\boxed{\\frac{1}{4}}.\n\\]\n']",BŁĄD SĘDZIEGO: 'tuple' object has no attribute 'ainvoke',ERROR,7.17,623,1033,1656,0,0,0,0,1
